<?xml version="1.0" encoding="UTF-8" standalone="yes"?>
<addon id="plugin.video.MXPlayer" name="MXPlayer" version="1.1.0" provider-name="Ajay K">
    <requires>
        <import addon="xbmc.python" version="2.25.0"/>
        <import addon="script.module.routing" version="0.2.0"/>
        <import addon="script.module.requests" version="2.7.0"/>
	<import addon="script.module.urlresolver" version="3.0.0"/>
	<import addon="script.module.web-pdb" />
    </requires>
    <extension point="xbmc.python.pluginsource" library="main.py">
        <provides>video</provides>
    </extension>
    <extension point="xbmc.addon.metadata">
        <summary lang="en_GB">  </summary>
        <description lang="en_GB"> </description>
        <language> </language>
        <platform>all</platform>
        <license>GPL-3.0</license>
        <forum> </forum>
        <website> </website>
        <email> </email>
        <source> </source>
        <news> </news>
        <disclaimer> </disclaimer>
        <assets>
            <icon>resources/icon.png</icon>
            <fanart>resources/fanart.png</fanart>
        </assets>
    </extension>
</addon>
